MovieTitle,ReleaseYear,Duration,Rating,Metascore,Votes,Gross
Bố Già,1972,175.0,9.2,100.0,1987643.0,134966411.0
Bảy Võ Sĩ Đạo,1954,207.0,8.6,100.0,363320.0,269061.0
Bố Già Phần II,1974,202.0,9.0,100.0,1348889.0,57300000.0
Chuyện Tình Thế Chiến,1942,102.0,8.5,100.0,600392.0,1024560.0
Công Dân Kane,1941,119.0,8.3,100.0,462045.0,1585634.0
Lawrence Xứ Ả Rập,1962,218.0,8.3,100.0,310698.0,44824144.0
12 Người Đàn Ông Giận Dữ,1957,96.0,9.0,100.0,852108.0,4360000.0
Shoah,1985,566.0,8.7,100.0,10347.0,20175.0
All About Eve,1950,138.0,8.2,100.0,137636.0,10177.0
Dekalog,1989,572.0,8.9,100.0,27561.0,99360.0
Chuyện Tào Lao,1994,154.0,8.9,100.0,2190120.0,107928762.0
Ánh Sáng Đô Thị,1931,87.0,8.5,100.0,194200.0,19181.0
Chuyện Đêm Mưa Trăng Lu,1953,96.0,8.2,100.0,25471.0,11197.0
Hát Dưới Mưa,1952,103.0,8.3,100.0,257905.0,8819028.0
Bản Danh Sách Của Schindler,1993,195.0,9.0,100.0,1433091.0,96898818.0
Chiến Hữu,1990,145.0,8.7,100.0,1241012.0,46836394.0
Thời Đại Tân Kỳ,1936,87.0,8.5,100.0,256793.0,163245.0
Tâm Thần Hoảng Loạn,1960,109.0,8.5,100.0,711172.0,32000000.0
Bay Trên Tổ Chim Cúc Cu,1975,133.0,8.7,100.0,1061266.0,112000000.0
Chữ M Bí Ẩn,1931,117.0,8.3,100.0,166789.0,28877.0
Người Thứ Ba,1949,104.0,8.1,100.0,180218.0,449191.0
Tiến Sĩ Strangelove,1964,95.0,8.4,100.0,513295.0,275902.0
Pather Panchali,1955,125.0,8.2,100.0,38062.0,536364.0
Vụ Án Mạng Nhà Bên,1954,112.0,8.5,100.0,517176.0,36764313.0
Lã Sinh Môn,1950,88.0,8.2,100.0,178495.0,96568.0
Lời Sấm Truyền,1979,147.0,8.4,100.0,702851.0,83471511.0
Bài Ca Khổ Hình Của Joan of Arc,1928,110.0,8.1,100.0,59817.0,21877.0
Kẻ Cắp Xe Đạp,1948,89.0,8.3,100.0,173328.0,332930.0
Ikiru,1952,143.0,8.3,100.0,86143.0,55240.0
Apur Sansar,1959,105.0,8.5,100.0,16547.0,16000.0
"Thiện, Ác, Tà",1966,161.0,8.8,100.0,802478.0,6100000.0
Sherlock Jr.,1924,45.0,8.2,100.0,55846.0,977375.0
Phù Thủy Xứ Oz,1939,102.0,8.1,100.0,424419.0,2076020.0
Tài Xế Taxi,1976,114.0,8.2,100.0,907710.0,28262574.0
Cuộc Chiến Giành Độc Lập,1966,121.0,8.1,100.0,64889.0,55908.0
Thành Phố Trung Tâm,1927,153.0,8.3,100.0,183605.0,1236166.0
Bắc Tây Bắc,1959,136.0,8.3,100.0,343299.0,13275000.0
La Grande Illusion,1937,113.0,8.1,100.0,38610.0,172885.0
Greed,1924,140.0,8.0,100.0,10654.0,161800.0
Nơi Tất Cả Chỉ Là Những Giấc Mơ,1982,188.0,8.1,100.0,67064.0,4971340.0
Lãnh Chúa Hidetora,1985,160.0,8.2,100.0,134487.0,4135750.0
Andrei Rublev,1966,205.0,8.1,100.0,56560.0,102021.0
Zerkalo,1975,107.0,8.0,100.0,51442.0,177345.0
Kho Báu Ở Sierra Madre,1948,126.0,8.2,100.0,131358.0,5014000.0
Vùng Đất Linh Hồn,2001,125.0,8.6,100.0,834381.0,10055859.0
Some Like It Hot,1959,121.0,8.2,100.0,281092.0,25000000.0
Quay Cuồng,1958,128.0,8.3,100.0,422957.0,3200000.0
Double Indemnity,1944,107.0,8.3,100.0,165890.0,5720000.0
La dolce vita,1960,174.0,8.0,100.0,77557.0,19516000.0
Stop Making Sense,1984,88.0,8.7,100.0,19227.0,5020659.0
Câu Chuyện Đồ Chơi 3,2010,103.0,8.3,100.0,883898.0,415004880.0
Cuộc Chia Ly,2011,123.0,8.3,100.0,256297.0,7098492.0
On the Waterfront,1954,108.0,8.1,100.0,163111.0,9600000.0
Chim Ưng Malta,1941,100.0,8.0,100.0,165469.0,2108060.0
Cuộc Săn Vàng,1925,95.0,8.1,100.0,117528.0,5450000.0
Lời Từ Biệt,2019,100.0,7.5,100.0,70047.0,16877010.0
Nhà Độc Tài Vĩ Đại,1940,125.0,8.4,100.0,235312.0,288475.0
Chiến Tranh và Hòa Bình,1965,393.0,8.3,100.0,8190.0,134686.0
Sunrise: A Song of Two Humans,1927,94.0,8.1,100.0,53420.0,539540.0
Indiana Jones Và Chiếc Rương Thánh Tích,1981,115.0,8.4,100.0,1028358.0,248159971.0
They Shall Not Grow Old,2018,99.0,8.2,91.0,38101.0,17956913.0
Đêm Của Kẻ Đi Săn,1955,92.0,8.0,91.0,96369.0,654000.0
Au hasard Balthazar,1966,95.0,7.8,91.0,22530.0,39388.0
Jalsaghar,1958,100.0,7.9,91.0,6684.0,94886.0
Ba Sắc Màu: Đỏ,1994,99.0,8.1,91.0,109011.0,4043686.0
Hoop Dreams,1994,170.0,8.3,91.0,27761.0,7830611.0
Rebecca,1940,130.0,8.1,91.0,145167.0,4360000.0
Charulata,1964,117.0,8.1,91.0,7110.0,77820.0
Il conformista,1970,113.0,7.9,91.0,33266.0,541940.0
The Big Parade,1925,151.0,7.9,91.0,7190.0,11000000.0
Vượt Ngục,1960,131.0,8.5,91.0,19989.0,33187.0
Trận Chiến Tàu Ngầm,1981,149.0,8.4,91.0,262302.0,11487676.0
Umberto D.,1952,89.0,8.2,91.0,27830.0,74308.0
Những Mảnh Ghép Cảm Xúc,2015,95.0,8.1,91.0,773337.0,356461711.0
Bóng Tối Chiến Tranh,1969,145.0,8.1,91.0,25532.0,741766.0
Chén Thánh Phiêu Lưu Ký,1975,91.0,8.2,91.0,565784.0,1229197.0
Người Nhện: Vũ Trụ Mới,2018,117.0,8.4,91.0,656096.0,190241310.0
Tạm Biệt Những Đứa Trẻ,1987,104.0,8.0,91.0,35841.0,4542825.0
The Last Picture Show,1971,118.0,8.0,91.0,51814.0,29133000.0
Hiroshima Tình Yêu Của Tôi,1959,90.0,7.8,91.0,35443.0,88300.0
Đứa Trẻ,1921,68.0,8.2,91.0,133486.0,5450000.0
Xe Lửa Tình Yêu,1926,78.0,8.1,91.0,97156.0,1033895.0
Chinh Phục Mặt Trăng,2019,93.0,8.1,91.0,26988.0,9039891.0
Cool Hand Luke,1967,127.0,8.1,91.0,187031.0,16217773.0
Le notti di Cabiria,1957,110.0,8.1,91.0,51566.0,752045.0
Bronenosets Potemkin,1925,75.0,7.9,91.0,60955.0,50970.0
Stalker,1979,162.0,8.1,91.0,142983.0,234723.0
Der letzte Mann,1924,77.0,8.0,91.0,15046.0,94812.0
Annie Hall,1977,93.0,8.0,91.0,275941.0,39200000.0
Ngọn Đuốc Của Quỷ,1958,95.0,8.0,91.0,109147.0,2237659.0
8½,1963,138.0,8.0,91.0,124184.0,50690.0
The Grapes of Wrath,1940,129.0,8.1,91.0,99046.0,55000.0
Kỵ Sĩ Bóng Đêm,2008,152.0,9.0,91.0,2834070.0,534858444.0
Bride of Frankenstein,1935,75.0,7.8,91.0,52655.0,4360000.0
Thưở Ấy Miền Viễn Tây,1968,166.0,8.5,91.0,346339.0,5321508.0
Cầu Sông Kwai,1957,161.0,8.1,91.0,231489.0,44908000.0
Khoảng Khắc Của Tuổi Trẻ,2003,374.0,8.5,91.0,23057.0,274024.0
Mặt Trận Phía Tây Vẫn Yên Tĩnh,1930,152.0,8.1,91.0,67092.0,3270000.0
Tiêu Điểm,2015,129.0,8.1,91.0,497443.0,45055776.0
Đôi Giày Đỏ,1948,135.0,8.1,91.0,38572.0,10900000.0
Nhân Chứng Buộc Tội,1957,116.0,8.4,91.0,135734.0,8175000.0
12 Năm Nô Lệ,2013,134.0,8.1,91.0,734987.0,56671993.0
Căn Hộ Tình Yêu,1960,125.0,8.3,91.0,194301.0,18600000.0
His Girl Friday,1940,92.0,7.8,91.0,62550.0,296000.0
"Out 1, noli me tangere",1971,776.0,7.5,91.0,1527.0,31539.0
Thời Thơ Ấu,2014,165.0,7.9,91.0,365350.0,25379975.0
Kẻ Trộm Siêu Thị,2018,121.0,7.9,91.0,84999.0,3313513.0
Câu Chuyện Về Notorious,1946,102.0,7.9,91.0,106202.0,10464000.0
Hàm Cá Mập,1975,124.0,8.1,91.0,652265.0,260000000.0
Tay Trống Cự Phách,2014,106.0,8.5,91.0,966890.0,13092000.0
Mê Cung Của Pan,2006,118.0,8.2,91.0,697762.0,37634615.0
Le Samouraï,1967,105.0,8.0,91.0,56085.0,39481.0
Jeux interdits,1952,86.0,8.0,91.0,12990.0,10188.0
Laura,1944,88.0,7.9,91.0,50662.0,4360000.0
The Best Years of Our Lives,1946,170.0,8.1,91.0,69686.0,23650000.0
À bout de souffle,1960,90.0,7.7,91.0,87155.0,336705.0
Tanpopo,1985,114.0,7.9,91.0,22116.0,224097.0
Werckmeister harmóniák,2000,145.0,8.0,91.0,15649.0,25461.0
Edvard Munch,1974,210.0,8.2,91.0,3350.0,43539.0
"Jeanne Dielman, 23 quai du Commerce, 1080 Bruxelles",1975,202.0,7.5,91.0,13419.0,19858.0
Thị Trấn Rio Bravo,1959,141.0,8.0,91.0,67435.0,12535000.0
2001: Chuyến Du Hành Không Gian,1968,149.0,8.3,84.0,711033.0,56954992.0
Câu Chuyện Đồ Chơi 4,2019,100.0,7.7,84.0,275991.0,434038008.0
The Last Waltz,1978,117.0,8.1,84.0,19809.0,321952.0
Kẻ Lạ Trên Chuyến Tàu,1951,101.0,7.9,84.0,139960.0,7630000.0
The Hustler,1961,134.0,8.0,84.0,86182.0,8284000.0
Rô-bốt Biết Yêu,2008,98.0,8.4,84.0,1185900.0,223808164.0
Những Tay Súng Miền Hoang Dã,1969,145.0,7.9,84.0,89662.0,12064472.0
Amazing Grace,2018,89.0,7.5,84.0,5092.0,4446414.0
Chuyến Tàu Mang Tên Dục Vọng,1951,122.0,7.9,84.0,113499.0,8000000.0
Khoảnh Khắc Cuộc Đời,2006,137.0,8.4,84.0,406848.0,11286112.0
Campanadas a medianoche,1965,119.0,7.6,84.0,10021.0,123398.0
The Train,1964,133.0,7.8,84.0,18452.0,7410000.0
Visages villages,2017,94.0,7.8,84.0,13455.0,953717.0
Aparajito,1956,110.0,8.2,84.0,15788.0,170215.0
Top Hat,1935,101.0,7.7,84.0,20517.0,3884760.0
Safety Last!,1923,74.0,8.1,84.0,22587.0,1359903.0
Nhất Nhất,2000,173.0,8.1,84.0,27842.0,1136776.0
Nhà tù Shawshank,1994,142.0,9.3,84.0,2852749.0,28341469.0
The Right Stuff,1983,193.0,7.8,84.0,64867.0,21500000.0
Chuyện Xảy Ra Trong Đêm,1934,105.0,8.1,84.0,111020.0,4360000.0
Anh Chàng Hay Mơ,1985,132.0,7.9,84.0,209845.0,9929135.0
The Navigator,1924,59.0,7.6,84.0,10925.0,1483285.0
Max Điên: Con Đường Tử Thần,2015,120.0,8.1,84.0,1071119.0,154058340.0
Lật Lại Một Vụ Án,1959,161.0,8.0,84.0,70489.0,11900000.0
The Shop Around the Corner,1940,99.0,8.0,84.0,38039.0,203300.0
Gấu Paddington 2,2017,103.0,7.8,84.0,92135.0,40442052.0
Withnail & I,1987,107.0,7.5,84.0,47348.0,1544889.0
The Unknown,1927,68.0,7.7,84.0,8962.0,406600.0
Gọi Em Bằng Tên Anh,2017,132.0,7.8,84.0,307514.0,18095701.0
Trưa Hè Nóng Bỏng,1952,85.0,8.0,84.0,109377.0,9450000.0
Les diaboliques,1955,117.0,8.1,84.0,68887.0,1090000.0
A Night at the Opera,1935,96.0,7.8,84.0,34502.0,2537520.0
La nuit américaine,1973,116.0,8.0,84.0,24546.0,17808.0
Chú Chuột Đầu Bếp,2007,111.0,8.1,84.0,809961.0,206445654.0
Scener ur ett äktenskap,1974,169.0,8.3,84.0,8463.0,683001.0
Mạng Xã Hội,2010,120.0,7.8,84.0,750497.0,96962694.0
Đêm Của Những Thây Ma,1968,96.0,7.8,84.0,137830.0,89029.0
Our Hospitality,1923,65.0,7.8,84.0,12359.0,1172499.0
Chuyện Công Chúa Kaguya,2013,137.0,8.0,84.0,52901.0,1506975.0
Chúa Tể Của Những Chiếc Nhẫn: Hai Tòa Tháp,2002,179.0,8.8,84.0,1761789.0,342551365.0
Seven Chances,1925,56.0,7.8,84.0,11573.0,210748.0
Chiến Tranh Giữa Các Vì Sao Tập 4: Niềm Hi Vọng Mới,1977,121.0,8.6,84.0,1435409.0,322740140.0
Coco: Hội Ngộ Diệu Kỳ,2017,105.0,8.4,84.0,577696.0,209726015.0
Chiến Tranh Giữa Các Vì Sao Tập 5: Đế Chế Phản Công,1980,124.0,8.7,84.0,1364805.0,290475067.0
Sự Im Lặng Của Bầy Cừu,1991,118.0,8.6,84.0,1528232.0,130742922.0
Câu Chuyện Đồ Chơi,1995,81.0,8.3,84.0,1056730.0,191796233.0
Cọp Không Biết Sợ,2017,83.0,6.9,84.0,8788.0,129078.0
Babettes gæstebud,1987,103.0,7.8,84.0,21696.0,4398938.0
Nghệ Sĩ,2011,100.0,7.9,84.0,247569.0,44671682.0
The Sweet Hereafter,1997,112.0,7.5,84.0,36553.0,3252652.0
Avengers: Hồi Kết,2019,181.0,8.4,84.0,1245357.0,858373000.0
Hàng Xóm Của Tôi Là Totoro,1988,86.0,8.1,84.0,373052.0,1105564.0
Ba Sắc Màu: Xanh,1993,94.0,7.9,84.0,109328.0,1324974.0
Gold Diggers of 1933,1933,97.0,7.7,84.0,9052.0,4800360.0
Song of the Sea,2014,93.0,8.0,84.0,62507.0,857524.0
I vitelloni,1953,109.0,7.8,84.0,19720.0,97944.0
Tower,2016,82.0,7.9,84.0,8255.0,94329.0
Tên Cậu Là Gì?,2016,106.0,8.4,84.0,311644.0,5017246.0
Nashville,1975,160.0,7.6,96.0,28247.0,14824000.0
Gimme Shelter,1970,91.0,7.8,96.0,12757.0,252570.0
Le charme discret de la bourgeoisie,1972,102.0,7.8,96.0,46176.0,198809.0
Dục Vọng Mơ Hồ,1977,103.0,7.8,96.0,24456.0,55261.0
Cuộc Chiến Không Trọng Lực,2013,91.0,7.7,96.0,857187.0,274092705.0
Before Midnight,2013,109.0,7.9,96.0,170388.0,8114627.0
Quái Vật Không Gian,1979,117.0,8.5,96.0,938438.0,78900000.0
Nema-ye Nazdik,1990,98.0,8.2,96.0,22511.0,2670.0
Bí Mật Los Angeles,1997,138.0,8.2,96.0,611761.0,64616940.0
Rắc Rối Tuổi Teen,2013,96.0,7.9,96.0,91330.0,1010414.0
Les parapluies de Cherbourg,1964,91.0,7.8,96.0,30791.0,28030.0
Ánh Trăng,2016,111.0,7.4,96.0,328078.0,27854932.0
Emmet Otter's Jug-Band Christmas,1977,48.0,8.2,96.0,4742.0,225627.0
Chúa Tể Của Những Chiếc Nhẫn: Sự Quay Trở Lại Của Nhà Vua,2003,201.0,9.0,96.0,1954296.0,377845905.0
Thiên Đường Thứ 7,1927,110.0,7.6,96.0,4077.0,3924000.0
Room,2015,118.0,8.1,96.0,445714.0,14677674.0
Giải Cứu Binh Nhì Ryan,1998,169.0,8.6,96.0,1479396.0,216540909.0
Quái Vật Không Gian 2,1986,137.0,8.4,96.0,755078.0,85160248.0
Chúa Tể Của Những Chiếc Nhẫn: Những Người Bạn Của Nhẫn,2001,178.0,8.9,96.0,1981734.0,315544750.0
The Conversation,1974,113.0,7.7,96.0,120030.0,4420000.0
Eighth Grade,2018,93.0,7.4,96.0,81704.0,13539709.0
Tia Nắng Vĩnh Cửu Của Tâm Hồn Tinh Khiết,2004,108.0,8.3,96.0,1064736.0,34400301.0
Andhadhun,2018,139.0,8.2,96.0,101578.0,1373943.0
Điều Tra Một Công Dân Không Thể Nghi Ngờ,1970,115.0,8.0,96.0,13097.0,265470.0
Aladdin,1992,90.0,8.0,96.0,460000.0,217350219.0
Giấc Mơ Kỳ Lạ,2007,96.0,8.0,96.0,99388.0,4445756.0
Du rififi chez les hommes,1955,118.0,8.1,96.0,36528.0,57226.0
La haine,1995,98.0,8.1,96.0,192848.0,309811.0
When We Were Kings,1996,88.0,7.9,96.0,18924.0,2789985.0
Harry Potter và Bảo Bối Tử Thần: Phần 2,2011,130.0,8.1,96.0,937066.0,381011219.0
A Woman Under the Influence,1974,155.0,8.1,96.0,28256.0,13336830.0
Không Thể Tha Thứ,1992,130.0,8.2,96.0,432231.0,101157447.0
Le cercle rouge,1970,140.0,7.9,96.0,27742.0,372229.0
Sự Đố Kỵ Của Thiên Tài,1984,160.0,8.4,96.0,423555.0,51973029.0
Vẫn Mãi Bước Đi,2008,115.0,7.9,96.0,18261.0,163512.0
Trở Về Tương Lai,1985,116.0,8.5,96.0,1290183.0,210609762.0
Der Himmel über Berlin,1987,128.0,7.9,96.0,75957.0,3333969.0
Bò Đực Nổi Điên,1980,129.0,8.1,96.0,376100.0,23383987.0
Khinh Miệt,1963,103.0,7.5,96.0,35716.0,40575.0
Rạp Chiếu Bóng Thiên Đường,1988,155.0,8.5,96.0,279336.0,11990401.0
Z,1969,127.0,8.2,96.0,31026.0,83305.0
The Fallen Idol,1948,95.0,7.6,96.0,9547.0,341121.0
Utvandrarna,1971,191.0,8.0,96.0,7346.0,1156554.0
Killer of Sheep,1978,80.0,7.2,96.0,7431.0,404508.0
Manchester by the Sea,2016,137.0,7.8,96.0,308153.0,47695371.0
Không Chốn Dung Thân,2007,122.0,8.2,96.0,1044759.0,74283625.0
La Belle et la Bête,1946,96.0,7.9,96.0,27868.0,298718.0
"4 Tháng, 3 Tuần và 2 Ngày",2007,113.0,7.9,96.0,62975.0,1185783.0
Gett,2014,115.0,7.7,96.0,6841.0,987830.0
Nữ Hoàng Châu Phi,1951,105.0,7.7,96.0,83599.0,536118.0
Trang Trại,1986,120.0,8.1,96.0,27314.0,4940939.0
I Am a Fugitive from a Chain Gang,1932,92.0,8.2,96.0,14292.0,1417000.0
Đi Tìm Nemo,2003,100.0,8.2,96.0,1101589.0,380843261.0
Vút Bay,2009,96.0,8.3,96.0,1111136.0,293004164.0
Những Kẻ Phản Bội,1992,99.0,8.3,96.0,1076983.0,2832029.0
Những Kẻ Khờ Mộng Mơ,2016,128.0,8.0,94.0,655361.0,151101803.0
Nhà Vua Nói Lắp,2010,118.0,8.0,94.0,703820.0,138797449.0
Người Hầu Gái,2016,145.0,8.1,94.0,168904.0,2006788.0
Secrets & Lies,1996,136.0,8.0,94.0,46698.0,13417292.0
The Salt of the Earth,2014,110.0,8.4,94.0,23120.0,1343349.0
Đèn Lồng Đỏ Treo Cao,1991,125.0,8.1,94.0,34935.0,2603061.0
Thành Phố Của Chúa,2002,130.0,8.6,94.0,793187.0,7563397.0
Đơn Giản Là Tình Yêu,2012,127.0,7.9,94.0,104966.0,6739492.0
Thi Ca,2010,139.0,7.8,94.0,13351.0,355044.0
Wake in Fright,1971,109.0,7.6,94.0,13778.0,50394.0
Trước Lúc Hoàng Hôn,2004,80.0,8.1,94.0,284528.0,5820649.0
Nhà Tiên Tri,2009,155.0,7.8,94.0,101678.0,2084637.0
Nước Mỹ Một Thời,1984,229.0,8.3,94.0,373766.0,5321508.0
Die Büchse der Pandora,1929,109.0,7.8,94.0,11707.0,9950.0
Nhiệm Vụ Bất Khả Thi: Sụp Đổ,2018,147.0,7.7,94.0,373210.0,220159104.0
Không Lùi Bước,2016,102.0,7.6,94.0,249281.0,27007844.0
This Is Spinal Tap,1984,82.0,7.9,94.0,146045.0,4736202.0
Khi Đàn Sếu Bay Qua,1957,95.0,8.3,94.0,19449.0,16990.0
Kẻ Mất Trí Nhớ,2000,113.0,8.4,94.0,1308453.0,25544867.0
Local Hero,1983,111.0,7.3,94.0,26350.0,5895761.0
The Ox-Bow Incident,1942,75.0,8.0,94.0,24720.0,1635000.0
A Bread Factory: Part One,2018,122.0,6.8,94.0,460.0,17325.0
Three Billboards: Truy Tìm Công Lý,2017,115.0,8.1,94.0,547774.0,54513740.0
Selma,2014,128.0,7.5,94.0,94864.0,52076908.0
Do the Right Thing,1989,120.0,8.0,94.0,111029.0,27545445.0
The Work,2017,89.0,7.8,94.0,2399.0,5853.0
Belle de jour,1967,100.0,7.6,94.0,48411.0,26331.0
Buổi Chiều Xui Xẻo,1975,125.0,8.0,94.0,271041.0,50000000.0
Cuốn Theo Chiều Gió,1939,238.0,8.2,94.0,331150.0,198676459.0
Todo sobre mi madre,1999,101.0,7.8,94.0,102080.0,8264530.0
Kẻ Đầu Mối Pháp,1971,104.0,7.7,94.0,133897.0,15630710.0
Những Cuộc Phiêu Lưu Của Robin Hood,1938,102.0,7.9,94.0,54014.0,3981000.0
Monterey Pop,1968,78.0,8.0,94.0,4852.0,1524.0
Cuộc Di Tản Dunkirk,2017,106.0,7.8,94.0,727724.0,188373161.0
Lady Bird: Tuổi Nổi Loạn,2017,94.0,7.4,94.0,322142.0,48958273.0
The Innocents,1961,100.0,7.8,94.0,32774.0,2616000.0
Amarcord,1973,123.0,7.8,94.0,46407.0,581746.0
Máu Sẽ Phải Đổ,2007,158.0,8.2,94.0,633852.0,40222514.0
Điệu Valse Của Ký Ức,2008,90.0,8.0,94.0,60073.0,2283276.0
Vua Sư Tử,1994,88.0,8.5,94.0,1128243.0,422783777.0
Cây Lê Dại,2018,188.0,8.0,94.0,27346.0,34014.0
King Kong,1933,100.0,7.9,94.0,90124.0,10000000.0
"Paris, Texas",1984,145.0,8.1,94.0,116351.0,2181987.0
Låt den rätte komma in,2008,114.0,7.8,94.0,225499.0,2122065.0
Hạnh Phúc Ảo,2013,126.0,8.0,94.0,661345.0,25568251.0
Tội Phạm Nhân Bản,1982,117.0,8.1,94.0,814212.0,32868943.0
Thị Trấn Fargo,1996,98.0,8.1,94.0,717976.0,24611975.0
Before Sunrise,1995,101.0,8.1,94.0,334780.0,5535405.0
Pépé le Moko,1937,94.0,7.7,94.0,7988.0,153936.0
Đêm Của Một Ngày Vất Vả,1964,87.0,7.5,94.0,47695.0,13780024.0
Nghệ Sĩ Dương Cầm,2002,150.0,8.5,94.0,899306.0,32572577.0
Nàng Tiên Cá,1989,83.0,7.6,94.0,287984.0,111543479.0
Matewan,1987,135.0,7.9,94.0,8782.0,1680358.0
Hana-bi,1997,103.0,7.7,94.0,32767.0,233986.0
Khách Sạn Đế Vương,2014,99.0,8.1,94.0,875988.0,59100318.0
Dự Án Florida,2017,111.0,7.6,94.0,125903.0,5904366.0
L'année dernière à Marienbad,1961,94.0,7.7,94.0,24557.0,60084.0
Điệp Vụ Boston,2006,151.0,8.5,94.0,1406547.0,132384315.0
Leviafan,2014,140.0,7.6,94.0,56466.0,1092800.0
Omohide poro poro,1991,119.0,7.6,94.0,36557.0,453243.0
Captain Blood,1935,119.0,7.7,94.0,15556.0,2958260.0
'Breaker' Morant,1980,107.0,7.8,94.0,14303.0,7142857.0
Trốn Thoát,2017,104.0,7.8,85.0,682733.0,176040665.0
Saul fia,2015,107.0,7.4,85.0,51342.0,1777043.0
Being There,1979,130.0,7.9,85.0,76952.0,30177511.0
Kẻ Đánh Cắp Giấc Mơ,2010,148.0,8.8,85.0,2516180.0,292576195.0
Touchez pas au grisbi,1954,96.0,7.7,85.0,8456.0,131548.0
Kẻ Săn Hươu,1978,183.0,8.1,85.0,359012.0,48979328.0
Brother's Keeper,1992,104.0,7.5,85.0,4247.0,1305915.0
Bệnh Lạ,2017,120.0,7.5,85.0,142475.0,42873127.0
Gần Như Nổi Tiếng,2000,122.0,7.9,85.0,291008.0,32534850.0
"Xuân, Hạ, Thu, Đông... Rồi Lại Xuân",2003,103.0,8.0,85.0,86288.0,2380788.0
Patton,1970,172.0,7.9,85.0,107187.0,61700000.0
E.T: Sinh vật Ngoài Hành Tinh,1982,115.0,7.9,85.0,433418.0,435110554.0
The Lost Weekend,1945,101.0,7.9,85.0,39734.0,9460000.0
Teen Kanya,1961,173.0,7.9,85.0,1666.0,81200.0
Dom za vesanje,1988,142.0,8.1,85.0,32421.0,280015.0
Phi Vụ Động Trời,2016,108.0,8.0,85.0,538524.0,341268248.0
Ascenseur pour l'échafaud,1958,91.0,7.9,85.0,28288.0,109257.0
The Sting,1973,129.0,8.3,85.0,276927.0,159600000.0
Freaks,1932,64.0,7.8,85.0,50069.0,630020.0
Cô Giáo Elly,2009,119.0,7.9,85.0,56619.0,106662.0
Went the Day Well?,1942,92.0,7.5,85.0,4272.0,24509.0
Le jour se lève,1939,93.0,7.7,85.0,8204.0,34570.0
Brooklyn,2015,117.0,7.5,85.0,149019.0,38322743.0
Amy,2015,128.0,7.8,85.0,54467.0,8413144.0
Kubo và Sứ Mệnh Samurai,2016,101.0,7.7,85.0,137465.0,48023088.0
Relatos salvajes,2014,122.0,8.1,85.0,213581.0,3107072.0
Chuyện Tình Manhattan,1979,96.0,7.8,85.0,145990.0,45700000.0
Sleuth,1972,138.0,8.0,85.0,49813.0,4081254.0
Trouble in Paradise,1932,83.0,7.9,85.0,16017.0,1035500.0
Le quai des brumes,1938,91.0,7.7,85.0,9866.0,26765.0
Ma vie de Courgette,2016,66.0,7.8,85.0,28665.0,292279.0
Dare mo shiranai,2004,141.0,8.0,85.0,30841.0,684118.0
Les yeux sans visage,1960,90.0,7.6,85.0,34700.0,52709.0
Mảnh Đời Của Tristana,1970,99.0,7.4,85.0,12699.0,12686.0
Bàn Chân Trái Của Tôi,1989,103.0,7.8,85.0,78979.0,14743391.0
All the President's Men,1976,138.0,7.9,85.0,124796.0,70600000.0
Que Horas Ela Volta?,2015,112.0,7.7,85.0,16500.0,375723.0
Festen,1998,105.0,8.0,85.0,92858.0,1647780.0
Tìm Tung Tích Mẹ,2010,131.0,8.3,85.0,194600.0,6857096.0
Jungfrukällan,1960,89.0,8.0,85.0,31312.0,1526000.0
Il grande silenzio,1968,105.0,7.7,85.0,17864.0,53074.0
In the Shadow of the Moon,2007,100.0,8.0,85.0,6887.0,1134049.0
Ninotchka,1939,110.0,7.8,85.0,22619.0,1187000.0
Sát Nhân Râu Xanh,1947,124.0,7.8,85.0,18950.0,325000.0
Deep Water,2006,93.0,7.8,85.0,3282.0,270452.0
Người Đẹp Và Quái Vật,1991,84.0,8.0,85.0,476090.0,218967620.0
Chiến Dịch Sinh Tử,2012,120.0,7.7,85.0,635340.0,136025503.0
Hành Trình Django,2012,165.0,8.5,85.0,1670582.0,162805434.0
Capharnaüm,2018,126.0,8.4,85.0,102862.0,1661096.0
El abrazo de la serpiente,2015,125.0,7.8,85.0,24245.0,1329249.0
Đi tìm người đàn ông ngọt ngào,2012,86.0,8.2,85.0,72399.0,3965090.0
Masculin féminin,1966,110.0,7.4,85.0,17131.0,200087.0
Ẩn Thân,2018,109.0,7.1,85.0,64583.0,6046104.0
Tâm trạng khi yêu,2000,98.0,8.1,85.0,164264.0,2734044.0
God's Own Country,2017,104.0,7.6,85.0,34937.0,335609.0
Lối Sống Đồi Trụy,1996,93.0,8.1,83.0,719427.0,16501785.0
Bande à part,1964,95.0,7.6,83.0,26825.0,37651.0
The Odd Couple,1968,105.0,7.6,83.0,37140.0,44527234.0
Tiếng Chuông Lặng Và Cánh Bướm,2007,112.0,8.0,83.0,110076.0,5990075.0
Nghi Phạm Vô Hình,1995,106.0,8.5,83.0,1135243.0,23341568.0
Medena zemja,2019,89.0,8.0,83.0,19181.0,815082.0
Vì Sao Vụt Sáng,2018,136.0,7.6,83.0,413877.0,215288866.0
Thiêu Đốt,2018,148.0,7.5,83.0,74792.0,718991.0
Mean Streets,1973,112.0,7.2,83.0,118221.0,3132645.0
Viskningar och rop,1972,91.0,8.0,83.0,36578.0,1742348.0
Hunt for the Wilderpeople,2016,101.0,7.8,83.0,140211.0,5202582.0
Gui tu lie che,2009,85.0,7.6,83.0,3705.0,285848.0
The Lion in Winter,1968,134.0,7.9,83.0,33882.0,22276975.0
The Palm Beach Story,1942,88.0,7.5,83.0,12763.0,438200.0
56 Up,2012,144.0,7.9,83.0,2441.0,701278.0
Cô Dâu Công Chúa,1987,98.0,8.0,83.0,447088.0,30857814.0
Lagaan: Once Upon a Time in India,2001,224.0,8.1,83.0,119955.0,909043.0
Cuộc Đào Thoát Vĩ Đại,1963,172.0,8.2,83.0,256665.0,12100000.0
Meet Me in St. Louis,1944,113.0,7.5,83.0,27473.0,7566000.0
The Straight Story,1999,112.0,8.0,83.0,96419.0,6203044.0
Moolaadé,2003,124.0,7.6,83.0,4114.0,214605.0
Les plages d'Agnès,2008,112.0,8.0,83.0,4655.0,239711.0
Phải Sống,1994,133.0,8.3,83.0,20181.0,2332728.0
Kỵ Sĩ Bóng Đêm Trỗi Dậy,2012,164.0,8.4,83.0,1806055.0,448139099.0
The Rider,2017,104.0,7.4,83.0,20465.0,2419031.0
Pred dozhdot,1994,113.0,7.9,83.0,15738.0,763847.0
Grey Gardens,1975,95.0,7.5,83.0,15081.0,30966.0
Ace in the Hole,1951,111.0,8.1,83.0,38762.0,3969893.0
Céline et Julie vont en bateau: Phantom Ladies Over Paris,1974,193.0,7.2,83.0,6265.0,31452.0
Võ Sĩ,2008,109.0,7.9,83.0,318085.0,26236603.0
Ngày Tàn Của Hitler,2004,156.0,8.2,83.0,372000.0,5509040.0
Vozvrashchenie,2003,110.0,7.9,83.0,47256.0,502028.0
Kẻ Săn Người Điên Loạn,1960,101.0,7.6,83.0,38571.0,83957.0
Shane,1953,118.0,7.6,83.0,43735.0,20000000.0
The Long Goodbye,1973,112.0,7.5,83.0,36229.0,959000.0
The Public Enemy,1931,83.0,7.6,83.0,22815.0,1011520.0
Kẻ Hủy Diệt 2: Ngày Phán Xét,1991,137.0,8.6,83.0,1161589.0,204843350.0
Thuyền Trưởng Phillips,2013,134.0,7.8,83.0,487873.0,107100855.0
Nostalgia,1983,125.0,7.9,83.0,29601.0,5233.0
Một Lần Như Thế,2007,86.0,7.8,83.0,120696.0,9439923.0
Cuộc Săn Lùng,2012,115.0,8.3,83.0,358811.0,687185.0
Donnie Darko,2001,113.0,8.0,83.0,842270.0,1480006.0
Hearts and Minds,1974,112.0,8.2,83.0,6052.0,28287.0
Hable con ella,2002,112.0,7.9,83.0,116880.0,9357911.0
Hannah and Her Sisters,1986,107.0,7.8,83.0,76051.0,40084041.0
Câu Đố,1963,113.0,7.8,83.0,84405.0,13474588.0
Limelight,1952,137.0,8.0,83.0,21899.0,1000000.0
Nhung Xanh,1986,120.0,7.7,83.0,213159.0,8551228.0
Camille Claudel,1988,175.0,7.3,83.0,7311.0,201055.0
Sing Street,2016,106.0,7.9,83.0,100150.0,3237118.0
Touching the Void,2003,106.0,8.0,83.0,37811.0,4593598.0
Chiến Binh Báo Đen,2018,134.0,7.3,83.0,828783.0,700059566.0
Vương Quốc Trăng Lên,2012,94.0,7.8,83.0,364940.0,45512466.0
Stories We Tell,2012,108.0,7.5,83.0,14045.0,1599038.0
Timbuktu,2014,96.0,7.1,83.0,18183.0,1076075.0
Columbus,2017,104.0,7.2,83.0,20571.0,1017107.0
Frankenstein Trẻ,1974,106.0,8.0,83.0,167642.0,86300000.0
Le boucher,1970,93.0,7.3,83.0,9290.0,474458.0
Les triplettes de Belleville,2003,80.0,7.7,83.0,56710.0,7002255.0
The Player,1992,124.0,7.5,83.0,65133.0,21706100.0
Le vieil homme et l'enfant,1967,90.0,7.6,83.0,2480.0,50710.0
Kẻ Hủy Diệt,1984,107.0,8.1,84.0,914745.0,38400000.0
Ngọa Hổ Tàng Long,2000,120.0,7.9,84.0,280061.0,128078872.0
Kiểu Tiếp Xúc Thứ 3,1977,138.0,7.6,84.0,214637.0,132088635.0
Kolja,1996,105.0,7.7,84.0,16129.0,5730711.0
For All Mankind,1989,80.0,8.1,84.0,6428.0,770132.0
Quai des Orfèvres,1947,106.0,7.7,84.0,6344.0,26516.0
La historia oficial,1985,112.0,7.7,84.0,10712.0,29426.0
Nàng Công Chúa Ở Thung Lũng Gió,1984,117.0,8.0,84.0,180319.0,495770.0
Cuộc Đổ Bộ Bí Ẩn,2016,116.0,7.9,84.0,753408.0,100546139.0
Mustang,2015,97.0,7.6,84.0,40586.0,845464.0
Cỗ Máy Tội Phạm,1971,136.0,8.3,84.0,873133.0,6207725.0
Căn Bệnh Thế Kỷ,2013,117.0,7.9,84.0,514330.0,27298285.0
Amores perros,2000,154.0,8.1,84.0,251207.0,5383834.0
Jodorowsky's Dune,2013,90.0,8.0,84.0,26594.0,647280.0
Carlos,2010,334.0,7.6,84.0,14318.0,145118.0
Devi,1960,93.0,7.7,84.0,2746.0,93215.0
McCabe & Mrs. Miller,1971,120.0,7.6,84.0,27282.0,8200000.0
Three Identical Strangers,2018,96.0,7.6,84.0,38627.0,12320845.0
Oci ciornie,1987,118.0,7.3,84.0,3480.0,2201428.0
Chiến Dịch Sói Sa Mạc,2008,131.0,7.5,84.0,470524.0,17017811.0
"Oslo, 31. august",2011,95.0,7.6,84.0,29232.0,100713.0
American Movie,1999,107.0,7.8,84.0,19085.0,1160426.0
Cánh Đồng Chết,1984,141.0,7.8,84.0,58630.0,34700291.0
'Round Midnight,1986,133.0,7.4,84.0,5787.0,3272600.0
Sóng Gió Cuộc Đời,1996,135.0,8.0,84.0,98145.0,24475416.0
Cuộc Đời Bất Hạnh,1985,101.0,7.6,84.0,22338.0,8345266.0
Cúc Đậu,1990,95.0,7.6,84.0,8928.0,1986433.0
Footlight Parade,1933,104.0,7.5,84.0,6005.0,3490180.0
Câu Chuyện Đồ Chơi 2,1999,92.0,7.9,84.0,613762.0,245852179.0
Paper Moon,1973,102.0,8.1,84.0,51875.0,30933743.0
30' Sau Nửa Đêm,2012,157.0,7.4,84.0,316522.0,95720716.0
La vie d'Adèle,2013,180.0,7.7,84.0,161624.0,2199675.0
Nghệ nhân Sushi,2011,81.0,7.8,84.0,37728.0,2552478.0
Carol,2015,118.0,7.2,84.0,140869.0,12711491.0
Forooshande,2016,124.0,7.7,84.0,64126.0,2402067.0
Dinner at Eight,1933,111.0,7.5,84.0,8927.0,4578000.0
Logan: Người Sói,2017,137.0,8.1,84.0,819425.0,226277068.0
Kỳ Nghỉ Cuối Tuần,2011,97.0,7.6,84.0,32428.0,455459.0
Mommy,2014,139.0,8.0,84.0,61182.0,3492754.0
Pina,2011,103.0,7.6,84.0,15782.0,3524826.0
Taxi,2015,82.0,7.3,84.0,16379.0,321642.0
Le genou de Claire,1970,105.0,7.5,84.0,12347.0,44390.0
Bob le flambeur,1956,98.0,7.6,84.0,13214.0,15586.0
Chiến Tranh Giữa Các Vì Sao Tập 7: Thần Lực Thức Tỉnh,2015,138.0,7.8,84.0,967083.0,936662225.0
Vệ Binh Dải Ngân Hà,2014,121.0,8.0,84.0,1261410.0,333176600.0
Người Về Từ Sao Hỏa,2015,144.0,8.0,84.0,911366.0,228433663.0
Tay Đấm Huyền Thoại,2015,133.0,7.6,84.0,307708.0,109767581.0
Đảo Của Những Chú Chó,2018,101.0,7.8,84.0,188338.0,32015231.0
Tình Yêu Tìm Lại,2012,122.0,7.7,84.0,737510.0,132092958.0
Le rayon vert,1986,99.0,7.6,84.0,10297.0,37455.0
Triệu Phú Ổ Chuột,2008,120.0,8.0,84.0,872461.0,141319928.0
Kẻ Săn Tin Đen,2014,117.0,7.8,84.0,596607.0,32381218.0
Nelyubov,2017,127.0,7.6,84.0,35244.0,566356.0
Der blaue Engel,1930,104.0,7.7,84.0,16163.0,77982.0
Mies vailla menneisyyttä,2002,97.0,7.6,84.0,25429.0,921547.0
The Remains of the Day,1993,134.0,7.8,84.0,83101.0,22954968.0
Il posto,1961,93.0,7.9,84.0,6622.0,9080.0
Tử Địa Skyfall,2012,143.0,7.8,84.0,725961.0,304360277.0
Le fantôme de la liberté,1974,104.0,7.8,84.0,17029.0,6172.0
Người Chim hay (Công Dụng Không Ngờ Của Việc Kém Nổi Tiếng),2014,119.0,7.7,87.0,661056.0,42340598.0
Sự Khởi Đầu Của Hành Tinh Khỉ,2014,130.0,7.6,87.0,463750.0,208545589.0
Den skyldige,2018,85.0,7.5,87.0,63721.0,207140.0
Central do Brasil,1998,110.0,8.0,87.0,41869.0,5595428.0
Thunder Soul,2010,83.0,7.6,87.0,533.0,143568.0
Little Fugitive,1953,75.0,7.5,87.0,3007.0,27373.0
Hedwig and the Angry Inch,2001,95.0,7.7,87.0,37153.0,3029081.0
Le doulos,1962,108.0,7.7,87.0,11806.0,82772.0
Life Is Sweet,1990,103.0,7.4,87.0,11179.0,1516414.0
La Belle Noiseuse,1991,238.0,7.5,87.0,9226.0,408571.0
The Hunchback of Notre Dame,1939,116.0,7.8,87.0,12130.0,3270000.0
4 aventures de Reinette et Mirabelle,1987,99.0,7.5,87.0,3454.0,215073.0
Tội Phạm Nhân Bản 2049,2017,164.0,8.0,87.0,645777.0,92054159.0
Quái Xế Baby,2017,113.0,7.5,87.0,598331.0,107825862.0
Siêu Điệp Viên 3: Tối Hậu Thư Của Bourne,2007,115.0,8.0,87.0,654753.0,227471070.0
Twenty Feet from Stardom,2013,91.0,7.4,87.0,13877.0,4946445.0
Say Anything...,1989,100.0,7.3,87.0,95199.0,20781385.0
Qingshaonian Nuozha,1992,106.0,7.5,87.0,5418.0,28422.0
Bad ma ra khahad bord,1999,118.0,7.4,87.0,12110.0,213253.0
Rekopis znaleziony w Saragossie,1965,182.0,7.8,87.0,5820.0,118971.0
Thảm Sát Ở Nam Kinh,2009,132.0,7.7,87.0,11593.0,119922.0
Đêm Trước Lễ Tốt Nghiệp,2019,102.0,7.1,87.0,129520.0,22680962.0
Vùng Đất Câm Lặng,2018,90.0,7.5,87.0,574422.0,188024361.0
Hành Trình Của Moana,2016,107.0,7.6,87.0,371321.0,248757044.0
Don't Look Now,1973,110.0,7.1,87.0,61544.0,979337.0
Ida,2013,82.0,7.4,87.0,60323.0,3827060.0
Le mari de la coiffeuse,1990,82.0,7.1,87.0,10291.0,1155800.0
L'image manquante,2013,92.0,7.3,87.0,3481.0,52164.0
Monsieur Hire,1989,81.0,7.5,87.0,7069.0,1417030.0
Chiến Tranh Lạnh,2018,89.0,7.5,87.0,61387.0,4572545.0
Quý Ông Lazhar,2011,95.0,7.5,87.0,21122.0,2009517.0
Wadjda,2012,98.0,7.5,87.0,21323.0,1347578.0
Project Nim,2011,93.0,7.4,87.0,8577.0,410077.0
120 Nhịp Tim 1 Phút,2017,143.0,7.4,87.0,16593.0,125189.0
Mafioso,1962,105.0,7.6,87.0,2936.0,398614.0
Không Mặt Trời,1983,104.0,7.8,87.0,12019.0,30878.0
L'âge d'or,1930,60.0,7.2,87.0,14685.0,32712.0
Gia Đình Siêu Nhân 2,2018,118.0,7.6,87.0,326278.0,608581744.0
127 Giờ Sinh Tử,2010,94.0,7.5,87.0,397582.0,18335230.0
Dính Bầu,2007,96.0,7.5,87.0,545355.0,143495265.0
Dã Thú Một Quốc Gia,2015,137.0,7.7,87.0,86148.0,83861.0
Kẻ Giả Mạo,2018,106.0,7.1,87.0,55739.0,8803865.0
High Hopes,1988,108.0,7.4,87.0,5711.0,1192322.0
Hành Trình Của Đam Mê,2013,104.0,7.4,87.0,162019.0,13235319.0
Aquarius,2016,146.0,7.4,87.0,20649.0,285930.0
Zelig,1983,79.0,7.7,87.0,43823.0,11798616.0
Tiền Bi,2011,133.0,7.6,87.0,458464.0,75605492.0
Chính Trị Gia Đồng Tính,2008,128.0,7.5,87.0,179042.0,31841299.0
"Deux jours, une nuit",2014,95.0,7.3,87.0,50274.0,1436243.0
Foxtrot,2017,113.0,7.2,87.0,8017.0,618883.0
Đơn Giản Là Máu,1984,99.0,7.5,87.0,103754.0,2150000.0
Cameraperson,2016,102.0,7.4,89.0,3169.0,101074.0
Ngón Tay Vàng,1964,110.0,7.7,89.0,200898.0,51081062.0
Ostre sledované vlaky,1966,92.0,7.6,89.0,13658.0,3270000.0
True Grit: Báo Thù,2010,110.0,7.6,89.0,354949.0,171243005.0
Nebraska,2013,115.0,7.7,89.0,122632.0,17654912.0
Diva,1981,117.0,7.2,89.0,14167.0,108372.0
Paterson,2016,118.0,7.3,89.0,88013.0,2141423.0
You Can Count on Me,2000,111.0,7.5,89.0,31195.0,9180275.0
Ponette,1996,97.0,7.5,89.0,4727.0,1400000.0
Il postino,1994,108.0,7.8,89.0,38713.0,21848932.0
La tortue rouge,2016,80.0,7.5,89.0,38144.0,920057.0
The Station Agent,2003,89.0,7.6,89.0,72907.0,5739376.0
Forbidden Planet,1956,98.0,7.5,89.0,52627.0,3000000.0
L'enfant sauvage,1970,83.0,7.5,89.0,8805.0,1809051.0
Léolo,1992,107.0,7.4,89.0,7304.0,610488.0
Đảng 3K,2018,135.0,7.5,89.0,287913.0,49275340.0
Cuộc Phiêu Lưu Của Hugo,2011,126.0,7.5,89.0,335077.0,73864507.0
Raining Stones,1993,90.0,7.3,89.0,4867.0,89388.0
Entre les murs,2008,128.0,7.5,89.0,36281.0,3766595.0
Cậu Bé Người Gỗ,1940,88.0,7.5,89.0,158126.0,84254167.0
A Phi Chính Truyện,1990,100.0,7.4,89.0,25073.0,141864.0
Đại Chiến Hành Tinh Khỉ,2017,140.0,7.4,89.0,277908.0,146880162.0
The Freshman,1925,77.0,7.5,89.0,6002.0,1392.0
Sicario: Ranh Giới,2015,121.0,7.7,89.0,466387.0,46889293.0
Nàng Bạch Tuyết và Bảy Chú Lùn,1937,83.0,7.6,89.0,213394.0,184925485.0
If Beale Street Could Talk,2018,119.0,7.1,89.0,52052.0,14915773.0
Siêu Nhân,1978,143.0,7.4,89.0,185864.0,134218018.0
Battleground,1949,118.0,7.4,89.0,7760.0,10293960.0
Sát Thủ Xuyên Không,2012,119.0,7.4,89.0,598690.0,66486205.0
Lu bian ye can,2015,113.0,7.3,89.0,4295.0,32164.0
Cừu Quê Ra Phố,2015,85.0,7.3,89.0,43075.0,19375982.0
Tù Nhân Thiếu Niên,2013,106.0,7.3,89.0,48345.0,34100.0
Krisha,2015,83.0,7.1,89.0,9973.0,140779.0
Le amiche,1955,104.0,7.1,89.0,3357.0,50005.0
Toni Erdmann,2016,162.0,7.3,89.0,51185.0,1478960.0
Sweet Sixteen,2002,106.0,7.4,89.0,15703.0,31538.0
Picnic at Hanging Rock,1975,115.0,7.4,89.0,40466.0,232201.0
A Room with a View,1985,117.0,7.2,89.0,47303.0,20966644.0
American Graffiti,1973,110.0,7.4,89.0,97253.0,115000000.0
La Telenovela Errante,2017,80.0,6.5,89.0,354.0,3624.0
Săn Tiền Kiểu Mỹ,2013,138.0,7.2,89.0,497980.0,150117807.0
Bacalaureat,2016,128.0,7.3,89.0,14621.0,175975.0
Lucky,2017,88.0,7.3,89.0,25721.0,955925.0
Cô Bé Lọ Lem,1950,74.0,7.3,89.0,172313.0,85000000.0
Az én XX. századom,1989,102.0,7.1,89.0,1976.0,682016.0
The Death of Stalin,2017,107.0,7.2,89.0,111822.0,8041828.0
Vương Quốc Tội Phạm,2010,113.0,7.2,89.0,60068.0,1044039.0
Housekeeping,1987,116.0,7.1,89.0,2877.0,1083282.0
45 Years,2015,95.0,7.1,89.0,34739.0,4250507.0
Ilo Ilo,2013,99.0,7.2,89.0,4968.0,54071.0
Shazam!,2019,132.0,7.0,89.0,380610.0,140371656.0
Heart of a Dog,2015,75.0,7.0,89.0,2530.0,418571.0
L'eau froide,1994,95.0,7.0,89.0,2188.0,30209.0
We the Animals,2018,94.0,6.9,89.0,4595.0,400961.0
Câu Chuyện Tokyo,1953,136.0,8.1,100.0,67476.0,88428748.36397588
Sunset Blvd.,1950,110.0,8.4,100.0,234110.0,333705209.4675789
Ordet,1955,126.0,8.2,100.0,17207.0,5278468.16146414
400 Cú Đấm,1959,99.0,8.1,100.0,126702.0,180731630.38344997
Les enfants du paradis,1945,189.0,8.3,100.0,20960.0,6320709.696973287
Mộ Đom Đóm,1988,89.0,8.5,100.0,304624.0,438793523.78365934
Nuit et brouillard,1956,32.0,8.6,100.0,21181.0,-7755132.334984742
La règle du jeu,1939,110.0,7.9,100.0,31015.0,41218307.96215892
Sanshô dayû,1954,124.0,8.4,100.0,17997.0,-3103839.6303613037
Kes,1969,111.0,7.9,100.0,22661.0,28198717.302808516
Phố Tàu,1974,130.0,8.1,100.0,345815.0,522216136.98414946
Un condamné à mort s'est échappé ou Le vent souffle où il veut,1956,101.0,8.2,100.0,24618.0,16828406.679113865
Đường Tới Ngày Mai,1937,91.0,8.2,100.0,9383.0,-6915125.005732119
Kind Hearts and Coronets,1949,106.0,8.0,100.0,39411.0,49496599.22610529
Suna no onna,1964,147.0,8.5,100.0,22240.0,-1297940.036068052
Il sorpasso,1962,108.0,8.2,100.0,12214.0,-2503051.6089615896
Banshun,1949,108.0,8.2,100.0,18939.0,7977765.626390509
Đường Tới Vinh Quang,1957,88.0,8.4,100.0,209966.0,296077127.48537207
Guling jie shaonian sharen shijian,1991,237.0,8.2,100.0,12415.0,-2189795.956276715
Bi Tình Thành Thị,1989,157.0,7.8,100.0,5982.0,7011487.873743758
Das Cabinet des Dr. Caligari,1920,76.0,8.0,100.0,69214.0,95944152.54435045
Le salaire de la peur,1953,131.0,8.2,100.0,65663.0,80796457.74603236
La maman et la putain,1973,217.0,7.8,100.0,6536.0,7874889.025919974
One More Time with Feeling,2016,113.0,8.2,100.0,5474.0,-13007246.131827481
Angst essen Seele auf,1974,92.0,8.0,100.0,23509.0,24713557.48981249
A Trip to the Moon,1902,13.0,8.2,100.0,54928.0,64066112.31532533
Cuộc Sống Tươi Đẹp,1946,130.0,8.6,100.0,494612.0,730080374.6612947
Con Báo,1963,186.0,7.9,100.0,28457.0,37231701.19813949
Roma città aperta,1945,103.0,8.0,100.0,28594.0,32638457.956989504
Century of Cinema,1996,225.0,8.5,100.0,5111.0,-27993243.890989408
Phong Ấn Thứ Bảy,1957,96.0,8.1,100.0,196347.0,289272376.3100071
The Wind,1928,95.0,8.0,100.0,7053.0,-932885.3986565247
Yôjinbô,1961,110.0,8.2,100.0,129951.0,180988395.05849564
Le chagrin et la pitié,1969,251.0,8.2,100.0,4060.0,-15210945.101461366
Marketa Lazarová,1967,162.0,7.9,100.0,5930.0,2123690.809919901
The Life and Death of Colonel Blimp,1943,163.0,8.0,100.0,16141.0,13230633.863035649
Chuyện ở Philadelphia,1940,112.0,7.9,100.0,73212.0,106981734.71013698
Chelovek s kino-apparatom,1929,68.0,8.3,100.0,27619.0,16698666.86726468
Orphée,1950,112.0,7.9,100.0,13274.0,13569210.776674666
Heimat - Eine Chronik in elf Teilen,1984,924.0,8.6,100.0,3307.0,-35611508.13642466
"Aguirre, der Zorn Gottes",1972,95.0,7.8,91.0,61536.0,93591609.9098405
The House is Black,1963,20.0,7.8,91.0,5450.0,6182373.40992111
Cơn Bão,1928,70.0,7.8,91.0,15963.0,22566734.98542395
Thời Thơ Ấu Của Ivan,1962,95.0,8.0,91.0,39424.0,49516859.541950576
The Shop on Main Street,1965,128.0,8.2,91.0,9605.0,-6569141.150527924
It's Such a Beautiful Day,2012,62.0,8.2,91.0,15692.0,2917362.1225706935
Trái Dâu Dại,1957,91.0,8.1,91.0,113755.0,160553914.2873751
A Matter of Life and Death,1946,104.0,8.0,91.0,24333.0,25997749.817237042
Playtime,1967,155.0,7.8,91.0,25527.0,37472093.5042206
Kumonosu-jô,1957,110.0,8.1,91.0,55309.0,69466651.21861842
El ángel exterminador,1962,95.0,8.0,91.0,35231.0,42982128.43892732
The Cameraman,1928,76.0,8.0,91.0,12946.0,8251271.622596994
Sátántangó,1994,439.0,8.2,91.0,12392.0,-2225641.130464539
Cuộc Truy Lùng,1956,119.0,7.8,91.0,95347.0,146285574.45177203
Un chien andalou,1929,16.0,7.6,91.0,53304.0,90375666.12315431
La strada,1954,108.0,8.0,91.0,66106.0,91100378.57149181
L'Atalante,1934,89.0,7.7,91.0,17309.0,29471212.71877128
Sweet Smell of Success,1957,96.0,8.0,91.0,35264.0,43033558.471457675
The Heiress,1949,115.0,8.1,91.0,17141.0,9982363.896846093
Early Summer,1951,125.0,8.1,91.0,9452.0,-2000833.6827259958
The Crowd,1928,98.0,8.1,91.0,9026.0,-2664748.6481178105
Nosferatu,1922,94.0,7.9,91.0,104326.0,155472462.95708793
28 Up,1984,136.0,8.2,91.0,3069.0,-16755404.563206188
Körkarlen,1921,107.0,8.0,91.0,13890.0,9722482.25013192
Harlan County U.S.A.,1976,103.0,8.2,91.0,6524.0,-11370836.00586173
Napoléon vu par Abel Gance,1927,330.0,8.2,91.0,8665.0,-8034117.834725842
Stagecoach,1939,96.0,7.8,91.0,53097.0,80439547.95457856
Đến Mà Xem,1985,142.0,8.4,91.0,94231.0,115705769.45808953
El espíritu de la colmena,1973,98.0,7.8,91.0,20360.0,29419397.198634833
Viridiana,1961,91.0,8.1,91.0,25897.0,23628465.861566238
Saikaku ichidai onna,1952,148.0,8.1,91.0,7543.0,-4975983.14031516
Holiday,1938,95.0,7.7,91.0,17985.0,30524749.142726373
Såsom i en spegel,1961,90.0,7.9,91.0,27099.0,35115277.43522377
Duck Soup,1933,69.0,7.7,91.0,62431.0,99793210.53193967
Jules et Jim,1962,105.0,7.7,91.0,44016.0,71093693.89416882
Badlands,1973,94.0,7.7,91.0,77698.0,123586613.76348174
The Thin Man,1934,91.0,7.9,91.0,32238.0,43124336.13745046
El sur,1983,95.0,7.8,91.0,5980.0,7008370.902075253
Sullivan's Travels,1941,90.0,7.9,91.0,28233.0,36882600.37126679
Gion bayashi,1953,85.0,7.6,84.0,2327.0,10928733.750434026
Bóng Tối Hoài Nghi,1943,108.0,7.8,84.0,69805.0,106478729.27327937
Rosemary's Baby,1968,137.0,8.0,84.0,232583.0,350552424.8004451
White Heat,1949,114.0,8.1,84.0,35331.0,38331221.221909985
Dead Souls,2018,495.0,8.0,84.0,371.0,-11346687.743135743
Pelísky,1999,115.0,8.1,84.0,6108.0,-7212410.312468357
L'avventura,1960,144.0,7.7,84.0,32300.0,52834473.8600595
Điệp Huyết Song Hùng,1989,111.0,7.8,84.0,50726.0,76744378.04156446
Bông Tai Của Đệ Nhất Phu Nhân,1953,105.0,7.9,84.0,10974.0,9984693.357892536
Black Narcissus,1947,101.0,7.7,84.0,27274.0,45001524.05710342
Vredens dag,1943,97.0,8.1,84.0,10958.0,346245.983659178
Sciuscià,1946,87.0,8.0,84.0,8041.0,606898.6055855379
Kakushi-toride no san-akunin,1958,139.0,8.1,84.0,41776.0,48375662.423671216
Sanjuro,1962,96.0,8.0,84.0,40679.0,51472759.26393822
The Other Side of the Mirror: Bob Dylan at the Newport Folk Festival,2007,83.0,8.1,84.0,439.0,-16047466.506849185
Persona,1966,85.0,8.1,84.0,129297.0,184775901.1233368
The Lady Eve,1941,94.0,7.7,84.0,23175.0,38613290.622499965
Dont Look Back,1967,96.0,7.9,84.0,9932.0,8360751.118600808
Out of the Past,1947,97.0,8.0,84.0,40490.0,51178205.44126438
Tồn Tại Hay Không Tồn Tại,1942,99.0,8.1,84.0,42181.0,49006849.18654372
Tieu Thanh Chi Xuan,1948,98.0,7.3,84.0,3302.0,26868524.84015881
Cría cuervos,1976,105.0,7.9,84.0,11230.0,10383665.731461331
Bài Ca Người Lính,1959,88.0,8.2,84.0,11177.0,-4119201.419082053
Agantuk,1991,120.0,8.0,84.0,4329.0,-5178200.811161973
In a Lonely Place,1950,94.0,7.9,84.0,34709.0,46975354.63388987
An Autumn Afternoon,1962,113.0,8.0,84.0,10416.0,4308302.461936653
Pickpocket,1959,76.0,7.6,84.0,24951.0,46187917.26457617
La jetée,1962,28.0,8.2,84.0,36682.0,35629979.78354327
Berlin Alexanderplatz,1980,931.0,8.4,84.0,4844.0,-23602603.80829233
Pyaasa,1957,146.0,8.3,84.0,7157.0,-15191070.273222253
Love Me Tonight,1932,104.0,7.5,84.0,4581.0,19248316.621283174
Red River,1948,133.0,7.8,84.0,33935.0,50575842.398620665
Repulsion,1965,105.0,7.6,84.0,56747.0,95741532.85048774
Onna ga kaidan wo agaru toki,1960,111.0,8.1,84.0,4760.0,-9313249.217041537
The God of Day Had Gone Down Upon Him,2000,50.0,7.7,84.0,33.0,2546811.446214728
L'albero degli zoccoli,1978,186.0,7.8,84.0,6804.0,8292563.229499809
Salesman,1969,91.0,7.7,84.0,5666.0,11325762.150562435
Seppuku,1962,133.0,8.6,84.0,66724.0,63222988.0144042
Los olvidados,1950,85.0,8.2,84.0,21813.0,12456853.91403392
The Killing,1956,84.0,7.9,84.0,96362.0,143060681.77309623
My Darling Clementine,1946,97.0,7.7,84.0,25500.0,42236770.187138416
Letter from an Unknown Woman,1948,87.0,7.9,84.0,13507.0,13932337.976055637
The Story of the Last Chrysanthemums,1939,143.0,7.8,96.0,4334.0,4443103.218894646
And Life Goes on...,1992,95.0,7.9,96.0,7244.0,4171541.1961284727
Miracolo a Milano,1951,97.0,7.6,96.0,8413.0,20413678.537698396
Les vacances de Monsieur Hulot,1953,114.0,7.3,96.0,20026.0,52932641.93220766
Rạp Xiếc,1928,72.0,8.1,96.0,35720.0,38937472.21143444
Gangs of Wasseypur,2012,321.0,8.2,96.0,102832.0,138723817.71938583
O Drakos,1956,103.0,7.9,96.0,2166.0,-3742449.87020877
Él,1953,92.0,7.9,96.0,6508.0,3024495.62211819
Il deserto rosso,1964,117.0,7.5,96.0,17341.0,39134595.86635273
Sans toit ni loi,1985,105.0,7.7,96.0,13364.0,23322986.102642797
American Masters,1985,208.0,8.4,96.0,12067.0,-12345660.627482183
Simón del desierto,1965,45.0,7.9,96.0,10745.0,9627800.101848576
Aranyer Din Ratri,1970,115.0,8.1,96.0,2890.0,-12227617.727094837
Yang guang can lan de ri zi,1994,134.0,8.1,96.0,5415.0,-8292440.995605752
Une femme douce,1969,88.0,7.4,96.0,3021.0,21623834.520290986
Al-mummia,1969,102.0,7.7,96.0,1817.0,5327150.174522251
Partie de campagne,1946,40.0,7.5,96.0,7007.0,23029203.255181193
Bab el hadid,1958,77.0,7.5,96.0,5262.0,20309645.474409536
The Man Who Would Be King,1975,129.0,7.8,96.0,51586.0,78084675.85902214
Le ballon rouge,1956,34.0,8.1,96.0,19874.0,14241705.681859817
Solaris,1972,167.0,8.0,96.0,97209.0,139573963.47426596
A Bread Factory: Part Two,2018,115.0,6.7,96.0,336.0,51086590.65842012
Fury,1936,92.0,7.8,96.0,13588.0,18865331.129072834
Tini zabutykh predkiv,1965,97.0,7.8,96.0,8277.0,10588212.86335462
Night Will Fall,2014,75.0,8.0,96.0,3422.0,-6591747.462829538
Bài Ca Về Núi Narayama,1983,130.0,7.8,96.0,8993.0,11704088.720679838
My Man Godfrey,1936,94.0,7.9,96.0,26161.0,33653417.72269437
Akibiyori,1960,128.0,7.9,96.0,6017.0,2259279.0774999186
The Little Foxes,1941,116.0,7.9,96.0,12906.0,12995687.989669528
Pixote: A Lei do Mais Fraco,1980,128.0,7.9,96.0,9067.0,7012660.871971875
Neon Genesis Evangelion: The End of Evangelion,1997,87.0,8.1,96.0,62700.0,80985420.01958309
Back in the U.S.,2002,180.0,7.9,96.0,454.0,-6410577.618450083
As I Was Moving Ahead Occasionally I Saw Brief Glimpses of Beauty,2000,288.0,8.2,96.0,1426.0,-19315996.788884036
The Tale,2018,114.0,7.2,96.0,19468.0,56869762.637137085
Swing Time,1936,103.0,7.5,96.0,14489.0,34689794.26706289
Im Lauf der Zeit,1976,175.0,7.7,96.0,6321.0,12346570.371998213
Vampyr,1932,75.0,7.4,96.0,20300.0,48552911.250350304
Cléo de 5 à 7,1962,90.0,7.8,96.0,26582.0,39116296.05935762
Journal d'un curé de campagne,1951,115.0,7.8,96.0,12573.0,17283468.00730594
Ukigusa,1959,119.0,7.9,96.0,8812.0,6615246.984237336
Sommarnattens leende,1955,109.0,7.7,96.0,14551.0,25172908.78790123
The Mortal Storm,1940,100.0,7.7,96.0,5946.0,11762138.184153296
Stalag 17,1953,120.0,8.0,96.0,58367.0,79039256.70020705
Ứng Cử Viên Bị Giật Dây,1962,126.0,7.9,96.0,79133.0,116209529.33474958
Cái Nóng Oi Ả,1953,89.0,7.9,96.0,28876.0,37884706.762691535
Network,1976,121.0,8.1,94.0,168662.0,246125695.98871005
The Man Who Shot Liberty Valance,1962,123.0,8.1,94.0,81464.0,110228848.21350825
Divorzio all'italiana,1961,105.0,8.0,94.0,13991.0,9879889.319391482
Bản Xô-nát Mùa Thu,1978,99.0,8.1,94.0,37316.0,41424815.60290239
Germania anno zero,1948,78.0,7.8,94.0,13499.0,18726625.88982431
Burden of Dreams,1982,95.0,7.9,94.0,8014.0,5371575.288503364
Bringing Up Baby,1938,102.0,7.8,94.0,65514.0,99791266.5584993
Ai Sợ Virginia Woolf?,1966,131.0,8.0,94.0,79306.0,111672391.58363271
Lacombe Lucien,1974,138.0,7.6,94.0,7656.0,19233904.7611688
Barry Lyndon,1975,185.0,8.1,94.0,180868.0,265148574.08160338
Sholay,1975,204.0,8.1,94.0,58346.0,74199772.69724508
Obecná skola,1991,100.0,7.8,94.0,3209.0,2689806.655359909
The Great White Silence,1922,80.0,8.0,94.0,1609.0,-9417282.280330405
Histoire(s) du cinéma,1994,267.0,7.2,94.0,776.0,27738545.423278138
Khu Phố Roma,2018,135.0,7.7,94.0,168338.0,264847769.78018272
La ciociara,1960,101.0,7.7,94.0,12291.0,21650730.80248922
Brief Encounter,1945,86.0,8.0,94.0,43635.0,56079643.38999038
The 39 Steps,1935,86.0,7.6,94.0,60900.0,102213924.52014086
La chienne,1931,91.0,7.5,94.0,4785.0,19566247.73147081
Mary Và Max,2009,92.0,8.1,94.0,185363.0,272153967.9065711
Nagaya shinshiroku,1947,72.0,7.7,94.0,2188.0,5905348.419030152
La terra trema,1948,160.0,7.8,94.0,5542.0,6325754.106672399
A Patch of Blue,1965,105.0,8.0,94.0,9402.0,2727997.826004006
The Climb,2019,98.0,6.7,94.0,5096.0,58504983.22946489
Giết Con Chim Nhại,1962,129.0,8.3,94.0,330248.0,488341676.4014462
Chikamatsu monogatari,1954,102.0,8.0,94.0,4875.0,-4327267.5456597805
I compagni,1963,130.0,8.0,94.0,3235.0,-6883184.313834868
Krótki film o milosci,1988,87.0,8.1,94.0,25724.0,23358847.81224045
Tengoku to jigoku,1963,143.0,8.4,94.0,51706.0,49431159.35647645
Die Abenteuer des Prinzen Achmed,1926,80.0,7.8,94.0,6767.0,8234899.253632441
Frankenstein,1931,70.0,7.8,94.0,78882.0,120625105.19079477
Ivan Groznyy,1944,103.0,7.7,94.0,10736.0,19227285.330225646
Show Boat,1936,113.0,7.4,94.0,3665.0,22627499.397549987
Shen nu,1934,85.0,7.7,94.0,2427.0,6277826.533416644
Mặt Sẹo,1932,93.0,7.7,94.0,30019.0,49279567.67212818
Kẻ Cắp Gặp Bà Già,1955,91.0,7.6,94.0,31094.0,55761695.74439296
Welt am Draht,1973,212.0,7.7,94.0,6699.0,12935678.017345883
La kermesse héroïque,1935,110.0,7.4,94.0,1389.0,19080385.63878993
The Magnificent Ambersons,1942,88.0,7.6,85.0,26466.0,48549023.30346961
Kiếm Sĩ Cơ Hàn,2002,129.0,8.1,85.0,25172.0,22498563.63173274
Ruggles of Red Gap,1935,90.0,7.6,85.0,4457.0,14248308.57739313
Paisà,1946,126.0,7.6,85.0,9419.0,21981515.286957014
Kanal,1957,91.0,7.9,85.0,7961.0,5288975.539287947
Marius,1931,130.0,7.8,85.0,2535.0,1639387.2030733153
"Yuki yukite, shingun",1987,122.0,8.2,85.0,2083.0,-18292071.595779747
Una giornata particolare,1977,106.0,8.1,85.0,15603.0,7585412.68376483
Le roman d'un tricheur,1936,81.0,7.6,85.0,2497.0,11193676.342257053
Roman Holiday,1953,118.0,8.0,85.0,146273.0,216039512.4460601
"Francesco, giullare di Dio",1950,85.0,7.3,85.0,3989.0,27939204.60829069
Invasion of the Body Snatchers,1956,80.0,7.7,85.0,54124.0,86846868.70679915
The Lavender Hill Mob,1951,78.0,7.5,85.0,15366.0,36056586.34370286
Chichi ariki,1942,94.0,7.6,85.0,3096.0,12127209.356974661
Tagebuch einer Verlorenen,1929,104.0,7.8,85.0,4783.0,5142863.358474284
Băng Nhóm Trẻ Em,1932,90.0,7.9,85.0,6105.0,2396425.830914192
Lektionen in Finsternis,1992,54.0,8.0,85.0,6634.0,-1585890.9632085785
Ngày Thiên Đường,1978,94.0,7.8,85.0,62029.0,94359943.42612725
I Know Where I'm Going!,1945,92.0,7.4,85.0,9653.0,31959712.573057547
Quý Cô Biến Mất,1938,96.0,7.7,85.0,56540.0,90612170.48235464
Angels with Dirty Faces,1938,97.0,7.9,85.0,23018.0,28755096.745636873
A Night to Remember,1958,123.0,7.9,85.0,16947.0,19293529.245886303
Mon oncle d'Amérique,1980,125.0,7.6,85.0,6743.0,17811007.19449572
Avanti Popolo,1986,84.0,7.6,85.0,425.0,7964493.69368463
Krótki film o zabijaniu,1988,84.0,8.0,85.0,22106.0,22527001.86435539
Aleksandr Nevskiy,1938,112.0,7.5,85.0,12130.0,31013326.18405982
Stage Door,1937,92.0,7.7,85.0,8953.0,16448505.087752372
Popiól i diament,1958,103.0,7.7,85.0,13257.0,23156228.118377715
Stroszek,1977,115.0,7.7,85.0,15177.0,26148520.92014367
Great Expectations,1946,118.0,7.8,85.0,26131.0,38413418.94810947
Nobi,1959,108.0,8.0,85.0,5258.0,-3730367.471140839
Ship of Theseus,2012,140.0,8.0,85.0,7730.0,122209.51113282144
Tirez sur le pianiste,1960,81.0,7.4,85.0,20456.0,48796035.04049379
Stachka,1925,82.0,7.6,85.0,8526.0,20589787.436968997
Hail the Conquering Hero,1944,101.0,7.6,85.0,5094.0,15241064.053812359
Rocco Và Các Anh Em,1960,179.0,8.2,85.0,20944.0,11102529.724067979
Le million,1931,91.0,7.3,85.0,3810.0,27660235.643959384
Spoorloos,1988,107.0,7.7,85.0,42906.0,69363774.61814788
This Sporting Life,1963,134.0,7.5,85.0,7075.0,23135180.291910402
The Scarlet Empress,1934,104.0,7.5,85.0,7167.0,23278560.98866169
Tuntematon sotilas,1955,177.0,8.0,85.0,7773.0,189224.4020057097
Il vangelo secondo Matteo,1964,137.0,7.6,85.0,13511.0,28358839.320720702
Whisky Galore!,1949,82.0,7.1,85.0,6597.0,41617247.26490812
Chemi bednieri ojakhi,2017,120.0,7.4,85.0,4189.0,23444145.97469861
Magical Girl,2014,127.0,7.2,85.0,7416.0,38086891.362718716
The Friends of Eddie Coyle,1973,102.0,7.4,83.0,12001.0,35619037.31188383
César,1936,168.0,7.6,83.0,1627.0,9837793.666456863
Trưa Tím,1960,118.0,7.7,83.0,18724.0,31676470.174239412
Odd Man Out,1947,116.0,7.6,83.0,11152.0,24682371.237717636
Ball of Fire,1941,111.0,7.7,83.0,13876.0,24120930.84978039
The Ghost and Mrs. Muir,1947,104.0,7.8,83.0,20641.0,29857331.71805995
Hadaka no shima,1960,96.0,8.0,83.0,6076.0,-2455526.058721803
The Tarnished Angels,1957,91.0,7.1,83.0,3970.0,37523104.97832523
Johnny Guitar,1954,110.0,7.6,83.0,19474.0,37652090.350371934
Deus e o Diabo na Terra do Sol,1964,120.0,7.2,83.0,5234.0,34686275.27237846
Pauline à la plage,1983,95.0,7.3,83.0,10388.0,37911955.46167628
To Have and Have Not,1944,100.0,7.8,83.0,37684.0,56418605.79123554
Knife in the Water,1962,94.0,7.4,83.0,23369.0,53335904.27567307
The Asphalt Jungle,1950,112.0,7.8,83.0,29546.0,43735648.07208381
Le notti bianche,1957,102.0,7.8,83.0,8897.0,11554474.08059154
The Last Command,1928,88.0,8.0,83.0,4450.0,-4989624.025217347
Le deuxième souffle,1966,150.0,7.9,83.0,6567.0,3116446.286339119
Meshes of the Afternoon,1943,14.0,7.8,83.0,14973.0,21023834.00951338
O Pagador de Promessas,1962,98.0,8.3,83.0,3856.0,-20335632.01209174
Voskhozhdenie,1977,111.0,8.2,83.0,9905.0,-6101595.4002519995
Only Angels Have Wings,1939,121.0,7.6,83.0,15490.0,31443082.786707584
Love Streams,1984,141.0,7.7,83.0,6532.0,12675410.883025616
En passion,1969,101.0,7.6,83.0,10329.0,23399737.396127336
Beau Geste,1939,112.0,7.5,83.0,6477.0,22203205.76302705
The Hill,1965,123.0,7.9,83.0,14995.0,16251364.89742425
Rogers Park,2017,87.0,7.0,83.0,79.0,36265792.39768908
Jeder für sich und Gott gegen alle,1974,110.0,7.7,83.0,18740.0,31701405.947587464
Sát Thủ,1946,103.0,7.7,83.0,23354.0,38892259.586831264
Ensayo de un crimen,1955,89.0,7.6,83.0,5784.0,16316419.279446997
Chú Tôi,1958,116.0,7.7,83.0,24000.0,39899041.43575877
Sons of the Desert,1933,68.0,7.5,83.0,9498.0,26911391.46830567
Ukigumo,1955,123.0,7.6,83.0,3095.0,12125650.871140406
Vivre sa vie: Film en douze tableaux,1962,80.0,7.8,83.0,34643.0,51679250.36927186
L'eclisse,1962,126.0,7.7,83.0,21804.0,36476606.54373896
Ma nuit chez Maud,1969,110.0,7.8,83.0,14368.0,20080950.079790253
Shirkers: Bộ Phim Bị Đánh Cắp,2018,97.0,7.3,83.0,5625.0,30488887.43312876
I Remember Mama,1948,134.0,7.9,83.0,5965.0,2178237.814118758
La ronde,1950,93.0,7.5,83.0,5904.0,21310193.380000025
I pugni in tasca,1965,110.0,7.6,83.0,4835.0,14837416.222740803
Wild River,1960,110.0,7.5,84.0,6113.0,21635916.919358924
The Letter,1940,95.0,7.5,84.0,14378.0,34516802.3394608
The Prisoner of Zenda,1937,101.0,7.6,84.0,5001.0,15096124.871226817
The War Game,1966,48.0,8.0,84.0,7220.0,-672618.2643362582
Louie Bluie,1985,75.0,7.6,84.0,888.0,8686072.634943813
The Invisible Man,1933,71.0,7.6,84.0,39535.0,68916874.67132337
Marty,1955,90.0,7.7,84.0,26626.0,43991625.23650741
Love and Death,1975,85.0,7.7,84.0,40517.0,65640551.96011722
Casque d'or,1952,99.0,7.6,84.0,6136.0,16865006.293104086
The Pawnbroker,1964,116.0,7.7,84.0,10587.0,18995070.94092194
Warui yatsu hodo yoku nemuru,1960,151.0,8.0,84.0,13831.0,9630531.58591099
A Raisin in the Sun,1961,128.0,8.0,84.0,9392.0,2712412.9676614776
I fidanzati,1963,77.0,7.6,84.0,2281.0,10857043.402058385
Người Bất Tử,2007,87.0,7.8,84.0,197943.0,306179987.10280305
Mahanagar,1963,136.0,8.3,84.0,4916.0,-18683637.027783453
It's a Gift,1934,68.0,7.1,84.0,5716.0,40244221.24493115
Nybyggarna,1972,202.0,8.0,84.0,5191.0,-3834786.0220358
Young Mr. Lincoln,1939,100.0,7.5,84.0,9086.0,26269295.30459339
The Search,1948,104.0,7.8,84.0,4737.0,5071173.010098644
Die Ehe der Maria Braun,1979,120.0,7.7,84.0,14749.0,25481488.983083338
Horse Feathers,1932,68.0,7.5,84.0,13301.0,32838313.095970206
Fat City,1972,96.0,7.3,84.0,10246.0,37690650.47321234
C.R.A.Z.Y.,2005,129.0,7.8,84.0,34003.0,50681819.435349874
Hold Back the Dawn,1941,116.0,7.3,84.0,2757.0,26019150.060490873
El verdugo,1963,87.0,7.9,84.0,7321.0,4291544.605365962
Winchester '73,1950,92.0,7.6,84.0,21754.0,41205438.052469
The Docks of New York,1928,76.0,7.5,84.0,4963.0,19843658.20996786
Le silence de la mer,1949,87.0,7.6,84.0,5586.0,16007839.084264882
Crónica de un niño solo,1965,79.0,7.5,84.0,799.0,13354123.19613795
Rebel Without a Cause,1955,111.0,7.6,84.0,97065.0,158576564.71590424
Lola,1961,90.0,7.5,84.0,7419.0,23671299.41889347
Saturday Night and Sunday Morning,1960,89.0,7.5,84.0,9218.0,26475015.434714794
Fukushû suru wa ware ni ari,1979,140.0,7.7,84.0,7203.0,13721154.87780945
The Big Sleep,1978,99.0,5.7,84.0,5367.0,106994890.8949742
Jakten,1959,94.0,7.3,84.0,464.0,22445542.04254851
The Cloud-Capped Star,1960,126.0,7.8,84.0,3171.0,2630584.1936582923
Jour de fête,1949,70.0,7.2,84.0,8972.0,40511895.32081654
Shanghai Express,1932,82.0,7.3,84.0,10166.0,37565971.60647209
Ossessione,1943,140.0,7.6,84.0,8190.0,20066136.196659956
The Gunfighter,1950,85.0,7.7,84.0,12356.0,21752032.38171567
Le cousin Jules,1972,91.0,7.5,84.0,238.0,12479812.643121965
Thiên Tài Bất Hảo,2017,130.0,7.6,87.0,23083.0,43276665.72619137
L'amour fou,1969,252.0,7.4,87.0,771.0,18117241.393221512
Sita Sings the Blues,2008,82.0,7.6,87.0,4921.0,14971446.004486572
The Chant of Jimmie Blacksmith,1978,122.0,7.3,87.0,2494.0,25609268.28608231
Utamaro o meguru gonin no onna,1946,106.0,7.0,87.0,1410.0,38340137.04307995
Accattone,1961,117.0,7.6,87.0,10050.0,22964919.84837072
Il generale Della Rovere,1959,132.0,7.7,87.0,3632.0,8155801.9636916295
Sedotta e abbandonata,1964,118.0,7.9,87.0,3821.0,-1163155.8145198897
This Happy Breed,1944,115.0,7.3,87.0,3919.0,27830110.59989297
Night of the Demon,1957,96.0,7.4,87.0,15279.0,40727753.876565486
Procès de Jeanne d'Arc,1962,64.0,7.4,87.0,5847.0,26028115.48789025
Room at the Top,1958,117.0,7.5,87.0,7197.0,23325315.563689284
Lola,1981,115.0,7.4,87.0,6751.0,27436986.682055056
Insiang,1976,95.0,7.5,87.0,2093.0,15370803.865661457
Week End,1967,105.0,6.9,87.0,15649.0,65338172.6374525
Wagon Master,1950,86.0,7.1,87.0,5396.0,39745505.77797015
Ngày Đẫm Máu,1980,114.0,7.6,87.0,24997.0,46259607.61295181
Koroshi no rakuin,1967,91.0,7.2,87.0,10076.0,42232463.68183196
A New Leaf,1971,102.0,7.3,87.0,7462.0,33351825.910651706
Maboroshi no hikari,1995,110.0,7.5,87.0,7185.0,23306613.733678244
7 Men from Now,1956,78.0,7.4,87.0,5910.0,26126300.095448196
Key Largo,1948,100.0,7.7,87.0,43607.0,70456273.18795931
Adam's Rib,1949,101.0,7.4,87.0,22734.0,52346265.77092235
Ansiktet,1958,101.0,7.6,87.0,10816.0,24158719.997408595
Chuyện đùa buổi tối,1953,93.0,7.4,87.0,7292.0,28280127.51838598
Alice in den Städten,1974,113.0,7.9,87.0,12944.0,13054910.45137114
Les vampires,1915,421.0,7.3,87.0,5372.0,30094590.517062727
¡Que viva México! Da zdravstvuyet Meksika!,1979,90.0,7.4,87.0,1863.0,19819107.924225897
Profondo rosso,1975,127.0,7.5,87.0,42100.0,77721146.63662523
The More the Merrier,1943,104.0,7.6,87.0,7350.0,18757008.095887348
Man of the West,1958,100.0,7.1,87.0,8994.0,45352937.8096128
Phoenix,2014,98.0,7.3,87.0,20433.0,53566945.666748665
Atlantic City,1980,104.0,7.3,87.0,18115.0,49954375.50294998
Gilda,1946,110.0,7.6,87.0,34859.0,61629394.91035588
The Band Wagon,1953,112.0,7.4,87.0,12401.0,36242431.64558507
Long Môn Khách Sạn,1967,111.0,7.4,87.0,3548.0,22445156.554942377
Oliver Twist,1948,116.0,7.8,87.0,13526.0,18768705.007349145
Viaggio in Italia,1954,85.0,7.3,87.0,12037.0,40481898.60235964
Park Row,1952,83.0,7.2,87.0,1995.0,29638339.655232668
Bad Day at Black Rock,1955,81.0,7.7,87.0,23905.0,39750985.28150473
Đồn Apache,1948,128.0,7.4,87.0,19437.0,47207937.97538988
À nous la liberté,1931,83.0,7.4,87.0,4911.0,24569372.74702935
You Only Live Once,1937,86.0,7.2,87.0,7543.0,38284819.06366886
El chacal de Nahueltoro,1969,95.0,7.6,87.0,1112.0,9035173.461816512
Strategia del ragno,1970,100.0,6.9,87.0,3095.0,45772941.47423907
Force of Evil,1948,79.0,7.2,87.0,7579.0,38340924.553701974
Never Give a Sucker an Even Break,1941,71.0,7.0,87.0,2615.0,40218112.47335494
La chute de la maison Usher,1928,72.0,7.3,87.0,4431.0,28628055.34703056
La guerre est finie,1966,121.0,7.3,87.0,2414.0,25484589.419342052
Manila in the Claws of Light,1975,125.0,7.8,89.0,2599.0,1739130.296465516
5 Fingers,1952,108.0,7.6,89.0,5406.0,15727311.634099323
Naniwa erejî,1936,71.0,7.2,89.0,2565.0,30526676.580756932
Kiss Me Deadly,1955,106.0,7.5,89.0,21879.0,46207004.5821933
Dead of Night,1945,103.0,7.5,89.0,14004.0,33933928.637450136
Westfront 1918: Vier von der Infanterie,1930,75.0,7.4,89.0,2374.0,20615494.185529232
The Young One,1960,96.0,7.4,89.0,3031.0,21639419.37863352
'Northwest Passage' (Book I -- Rogers' Rangers),1940,126.0,7.0,89.0,3815.0,42088295.47445866
Hiệp Nữ,1971,200.0,7.5,89.0,7179.0,23297262.818672724
The Bank Dick,1940,72.0,7.1,89.0,7753.0,43418856.88930471
Le grand amour,1969,87.0,7.5,89.0,1357.0,14223758.291651182
Longford,2006,93.0,7.5,89.0,3268.0,17202024.720908858
Tulitikkutehtaan tyttö,1990,69.0,7.5,89.0,11192.0,29551466.471530415
If....,1968,111.0,7.4,89.0,25042.0,55943251.07637851
The Draughtsman's Contract,1982,108.0,7.2,89.0,10929.0,43561852.098449856
Suspiria,1977,99.0,7.3,89.0,103915.0,183672460.08186597
Tiếng Than,2016,156.0,7.4,89.0,79948.0,141513474.29187924
L'argent,1983,85.0,7.4,89.0,11640.0,35056423.92571846
Boudu sauvé des eaux,1932,85.0,7.2,89.0,6143.0,36102938.89571452
Baby Doll,1956,114.0,7.3,89.0,8189.0,34484845.11215371
The Lusty Men,1952,113.0,7.3,89.0,3596.0,27326719.67542922
Criss Cross,1949,84.0,7.4,89.0,9509.0,31735290.6129251
Gavagai,2016,90.0,6.5,89.0,106.0,60341650.51742727
Seto Surya,2016,89.0,7.1,89.0,616.0,32295943.490240335
Les perles de la couronne,1937,118.0,6.9,89.0,629.0,41929715.40697093
Heidi,2015,111.0,7.4,89.0,6964.0,27768944.164750963
Hậu Chiến,2017,134.0,7.4,89.0,53651.0,100529972.30852544
The Regeneration,1915,72.0,6.8,89.0,1404.0,47944297.72895979
The Chronicle History of King Henry the Fifth with His Battell Fought at Agincourt in France,1944,137.0,7.0,89.0,6981.0,47022461.625703976
On Dangerous Ground,1951,82.0,7.2,89.0,7978.0,38962760.401568964
Salvatore Giuliano,1962,123.0,7.3,89.0,3666.0,27435813.683826942
La femme du boulanger,1938,133.0,7.5,89.0,2339.0,15754191.380887724
P'tit Quinquin,2014,206.0,7.3,89.0,3061.0,26492929.754103813
Sứ Mệnh Tuyệt Mật,1967,92.0,7.3,89.0,22950.0,57489654.51156372
Le carrosse d'or,1952,103.0,7.0,89.0,3372.0,41397886.24988454
San zimei,2012,153.0,7.3,89.0,472.0,22458009.929222535
Ashug-Karibi,1988,73.0,7.2,89.0,2222.0,29992115.93960812
Morocco,1930,92.0,7.0,89.0,7394.0,47666116.27525051
The Tall T,1957,78.0,7.3,89.0,6050.0,31151243.91268633
Sobache serdtse,1988,136.0,8.6,89.0,8898.0,-26898013.83711557
Menschen am Sonntag,1930,73.0,7.3,89.0,3503.0,27181780.492843684
Jigokumon,1953,89.0,7.1,89.0,4197.0,37876881.262700684
Trudno byt bogom,2013,177.0,6.6,89.0,6288.0,65169454.14433728
David Holzman's Diary,1967,74.0,6.5,89.0,1823.0,63017570.69483984
Moonrise,1948,90.0,7.0,89.0,2938.0,40721503.39781869
Caught,1949,88.0,7.0,89.0,4308.0,42856628.99074544
